Folio,Serie,Sucursal
TRA-1131427,8952160001008582312F,El Parian
TRA-1131427,8952160001008582304F,El Parian
TRA-1131427,8952160001008582296F,El Parian
TRA-1131427,8952160001008582288F,El Parian
TRA-1131427,8952160001008582270F,El Parian
TRA-1131427,8952160001008582262F,El Parian
TRA-1131427,8952160001008582429F,El Parian
TRA-1131427,8952160001008582411F,El Parian
TRA-1131427,8952160001008582403F,El Parian
TRA-1131427,8952160001008582254F,El Parian
TRA-1131427,8952160001008582247F,El Parian
TRA-1131427,8952160001008582239F,El Parian
TRA-1131427,8952160001008582221F,El Parian
TRA-1131427,8952160001008582213F,El Parian
TRA-1131427,8952160001008582205F,El Parian
TRA-1131427,8952160001008582197F,El Parian
TRA-1131427,8952160001008582130F,El Parian
TRA-1131427,8952160001008582122F,El Parian
TRA-1131427,8952160001008582114F,El Parian
TRA-1131427,8952160001008582106F,El Parian
TRA-1131427,8952160001008582098F,El Parian
TRA-1131427,8952160001008582080F,El Parian
TRA-1131427,8952160001008582072F,El Parian
TRA-1131427,8952160001008582064F,El Parian
TRA-1131427,8952160001008582056F,El Parian
TRA-1131427,8952160001008582049F,El Parian
TRA-1131427,8952160001008582031F,El Parian
TRA-1131427,8952160001008582023F,El Parian
TRA-1131427,8952160001008582015F,El Parian
TRA-1131427,8952160001008582452F,El Parian
TRA-1131427,8952160001008582445F,El Parian
TRA-1131427,8952160001008582437F,El Parian
TRA-1131427,8952160001008582759F,El Parian
TRA-1131427,8952160001008582742F,El Parian
TRA-1131427,8952160001008582734F,El Parian
TRA-1131427,8952160001008582726F,El Parian
TRA-1131427,8952160001008582718F,El Parian
TRA-1131427,8952160001008582320F,El Parian
TRA-1131427,8952160001008582338F,El Parian
TRA-1131427,8952160001008582346F,El Parian
TRA-1131427,8952160001008582353F,El Parian
TRA-1131427,8952160001008582361F,El Parian
TRA-1131427,8952160001008582379F,El Parian
TRA-1131427,8952160001008582387F,El Parian
TRA-1131427,8952160001008582395F,El Parian
TRA-1131427,8952160001008583138F,El Parian
TRA-1131427,8952160001008583989F,El Parian
TRA-1131427,8952160001008583997F,El Parian
TRA-1131427,8952160001008583005F,El Parian
TRA-1131427,8952160001008583013F,El Parian
TRA-1131427,8952160001008583021F,El Parian
TRA-1131427,8952160001008583039F,El Parian
TRA-1131427,8952160001008583047F,El Parian
TRA-1131427,8952160001008583054F,El Parian
TRA-1131427,8952160001008583062F,El Parian
TRA-1131427,8952160001008583070F,El Parian
TRA-1131427,8952160001008583088F,El Parian
TRA-1131427,8952160001008583500F,El Parian
TRA-1131427,8952160001008583518F,El Parian
TRA-1131427,8952160001008583526F,El Parian
TRA-1131427,8952160001008583534F,El Parian
TRA-1131427,8952160001008583542F,El Parian
TRA-1131427,8952160001008583559F,El Parian
TRA-1131427,8952160001008583567F,El Parian
TRA-1131427,8952160001008583575F,El Parian
TRA-1131427,8952160001008583096F,El Parian
TRA-1131427,8952160001008583104F,El Parian
TRA-1131427,8952160001008583112F,El Parian
TRA-1131427,8952160001008583120F,El Parian
TRA-1131427,8952160001008583146F,El Parian
TRA-1131427,8952160001008583153F,El Parian
TRA-1131427,8952160001008583161F,El Parian
TRA-1131427,8952160001008583245F,El Parian
TRA-1131427,8952160001008583385F,El Parian
TRA-1131427,8952160001008583393F,El Parian
TRA-1131427,8952160001008581462F,El Parian
TRA-1131427,8952160001008581470F,El Parian
TRA-1131427,8952160001008581488F,El Parian
TRA-1131427,8952160001008581496F,El Parian
TRA-1131427,8952160001008581223F,El Parian
TRA-1131427,8952160001008581231F,El Parian
TRA-1131427,8952160001008581249F,El Parian
TRA-1131427,8952160001008581256F,El Parian
TRA-1131427,8952160001008581264F,El Parian
TRA-1131427,8952160001008581272F,El Parian
TRA-1131427,8952160001008581280F,El Parian
TRA-1131427,8952160001008581298F,El Parian
TRA-1131427,8952160001008581306F,El Parian
TRA-1131427,8952160001008581314F,El Parian
TRA-1131427,8952160001008581322F,El Parian
TRA-1131427,8952160001008581330F,El Parian
TRA-1131427,8952160001008581348F,El Parian
TRA-1131427,8952160001008581355F,El Parian
TRA-1131427,8952160001008581363F,El Parian
TRA-1131427,8952160001008581371F,El Parian
TRA-1131427,8952160001008582007F,El Parian
TRA-1131427,8952160001008582502F,El Parian
TRA-1131427,8952160001008582510F,El Parian
TRA-1131427,8952160001008582528F,El Parian
TRA-1131427,8952160001008582536F,El Parian
TRA-1131427,8952160001008582544F,El Parian
TRA-1131427,8952160001008582551F,El Parian
TRA-1131427,8952160001008582569F,El Parian
TRA-1131427,8952160001008582148F,El Parian
TRA-1131427,8952160001008582155F,El Parian
TRA-1131427,8952160001008582163F,El Parian
TRA-1131427,8952160001008582171F,El Parian
TRA-1131427,8952160001008582460F,El Parian
TRA-1131427,8952160001008582478F,El Parian
TRA-1131427,8952160001008582486F,El Parian
TRA-1131427,8952160001008582494F,El Parian
TRA-1131427,8952160001008582189F,El Parian
TRA-1131427,8952160001008582999F,El Parian
TRA-1131427,8952160001008582767F,El Parian
TRA-1131427,8952160001008582775F,El Parian
TRA-1131427,8952160001008582783F,El Parian
TRA-1131427,8952160001008582791F,El Parian
TRA-1131427,8952160001008582809F,El Parian
TRA-1131427,8952160001008582817F,El Parian
TRA-1131427,8952160001008582825F,El Parian
TRA-1131427,8952160001008582833F,El Parian
TRA-1131427,8952160001008582841F,El Parian
TRA-1131427,8952160001008582858F,El Parian
TRA-1131427,8952160001008582866F,El Parian
TRA-1131427,8952160001008582874F,El Parian
TRA-1131427,8952160001008582882F,El Parian
TRA-1131427,8952160001008582890F,El Parian
TRA-1131427,8952160001008582908F,El Parian
TRA-1131427,8952160001008582916F,El Parian
TRA-1131427,8952160001008582924F,El Parian
TRA-1131427,8952160001008582932F,El Parian
TRA-1131427,8952160001008582940F,El Parian
TRA-1131427,8952160001008582957F,El Parian
TRA-1131427,8952160001008582965F,El Parian
TRA-1131427,8952160001008582973F,El Parian
TRA-1131427,8952160001008582981F,El Parian
TRA-1131427,8952160001008582577F,El Parian
TRA-1131427,8952160001008582585F,El Parian
TRA-1131427,8952160001008582593F,El Parian
TRA-1131427,8952160001008582601F,El Parian
TRA-1131427,8952160001008582619F,El Parian
TRA-1131427,8952160001008582627F,El Parian
TRA-1131427,8952160001008582635F,El Parian
TRA-1131427,8952160001008582643F,El Parian
TRA-1131427,8952160001008582650F,El Parian
TRA-1131427,8952160001008582668F,El Parian
TRA-1131427,8952160001008582676F,El Parian
TRA-1131427,8952160001008582684F,El Parian
TRA-1131427,8952160001008582692F,El Parian
TRA-1131427,8952160001008582700F,El Parian
TRA-1131427,8952160001008549311F,El Parian
TRA-1131427,8952160001008549329F,El Parian
TRA-1131427,8952160001008549337F,El Parian
TRA-1131427,8952160001008549345F,El Parian
TRA-1131427,8952160001008549352F,El Parian
TRA-1131427,8952160001008549360F,El Parian
TRA-1131427,8952160001008549378F,El Parian
TRA-1131427,8952160001008549386F,El Parian
TRA-1131427,8952160001008549394F,El Parian
TRA-1131427,8952160001008549402F,El Parian
TRA-1131427,8952160001008549410F,El Parian
TRA-1131427,8952160001008549428F,El Parian
TRA-1131427,8952160001008549436F,El Parian
TRA-1131427,8952160001008549444F,El Parian
TRA-1131427,8952160001008549451F,El Parian
TRA-1131427,8952160001008549006F,El Parian
TRA-1131427,8952160001008549014F,El Parian
TRA-1131427,8952160001008549022F,El Parian
TRA-1131427,8952160001008549030F,El Parian
TRA-1131427,8952160001008549048F,El Parian
TRA-1131427,8952160001008549055F,El Parian
TRA-1131427,8952160001008549063F,El Parian
TRA-1131427,8952160001008549071F,El Parian
TRA-1131427,8952160001008549089F,El Parian
TRA-1131427,8952160001008549097F,El Parian
TRA-1131427,8952160001008549105F,El Parian
TRA-1131427,8952160001008549113F,El Parian
TRA-1131427,8952160001008549121F,El Parian
TRA-1131427,8952160001008549618F,El Parian
TRA-1131427,8952160001008549626F,El Parian
TRA-1131427,8952160001008549634F,El Parian
TRA-1131427,8952160001008549642F,El Parian
TRA-1131427,8952160001008549659F,El Parian
TRA-1131427,8952160001008549667F,El Parian
TRA-1131427,8952160001008549675F,El Parian
TRA-1131427,8952160001008549683F,El Parian
TRA-1131427,8952160001008549865F,El Parian
TRA-1131427,8952160001008549873F,El Parian
TRA-1131427,8952160001008549881F,El Parian
TRA-1131427,8952160001008549899F,El Parian
TRA-1131427,8952160001008549907F,El Parian
TRA-1131427,8952160001008549915F,El Parian
TRA-1131427,8952160001008549923F,El Parian
TRA-1131427,8952160001008549931F,El Parian
TRA-1131427,8952160001008549949F,El Parian
TRA-1131427,8952160001008549956F,El Parian
TRA-1131427,8952160001008549501F,El Parian
TRA-1131427,8952160001008549519F,El Parian
TRA-1131427,8952160001008549527F,El Parian
TRA-1131427,8952160001008549535F,El Parian
TRA-1131427,8952160001008549543F,El Parian
TRA-1131427,8952160001008549550F,El Parian
TRA-1131427,8952160001008549568F,El Parian
TRA-1131427,8952160001008549576F,El Parian
TRA-1131427,8952160001008549584F,El Parian
TRA-1131427,8952160001008549592F,El Parian
TRA-1131427,8952160001008549600F,El Parian
TRA-1131427,8952160001008549139F,El Parian
TRA-1131427,8952160001008549147F,El Parian
TRA-1131427,8952160001008549154F,El Parian
TRA-1131427,8952160001008549162F,El Parian
TRA-1131427,8952160001008549170F,El Parian
TRA-1131427,8952160001008549188F,El Parian
TRA-1131427,8952160001008549196F,El Parian
TRA-1131427,8952160001008549204F,El Parian
TRA-1131427,8952160001008549212F,El Parian
TRA-1131427,8952160001008549220F,El Parian
TRA-1131427,8952160001008549238F,El Parian
TRA-1131427,8952160001008549246F,El Parian
TRA-1131427,8952160001008549253F,El Parian
TRA-1131427,8952160001008549261F,El Parian
TRA-1131427,8952160001008549279F,El Parian
TRA-1131427,8952160001008549287F,El Parian
TRA-1131427,8952160001008549295F,El Parian
TRA-1131427,8952160001008549303F,El Parian
TRA-1131427,8952160001008583401F,El Parian
TRA-1131427,8952160001008583419F,El Parian
TRA-1131427,8952160001008583427F,El Parian
TRA-1131427,8952160001008583435F,El Parian
TRA-1131427,8952160001008583443F,El Parian
TRA-1131427,8952160001008583450F,El Parian
TRA-1131427,8952160001008583468F,El Parian
TRA-1131427,8952160001008583476F,El Parian
TRA-1131427,8952160001008583328F,El Parian
TRA-1131427,8952160001008583179F,El Parian
TRA-1131427,8952160001008583484F,El Parian
TRA-1131427,8952160001008583492F,El Parian
TRA-1131427,8952160001008583187F,El Parian
TRA-1131427,8952160001008583195F,El Parian
TRA-1131427,8952160001008583203F,El Parian
TRA-1131427,8952160001008583211F,El Parian
TRA-1131427,8952160001008583229F,El Parian
TRA-1131427,8952160001008583237F,El Parian
TRA-1131427,8952160001008583252F,El Parian
TRA-1131427,8952160001008583260F,El Parian
TRA-1131427,8952160001008583278F,El Parian
TRA-1131427,8952160001008583286F,El Parian
TRA-1131427,8952160001008583294F,El Parian
TRA-1131427,8952160001008583302F,El Parian
TRA-1131427,8952160001008583310F,El Parian
TRA-1131427,8952160001008583336F,El Parian
TRA-1131427,8952160001008583344F,El Parian
TRA-1131427,8952160001008583351F,El Parian
TRA-1131427,8952160001008583369F,El Parian
TRA-1131427,8952160001008583377F,El Parian
TRA-1131427,8952160001008583880F,El Parian
TRA-1131427,8952160001008583898F,El Parian
TRA-1131427,8952160001008583583F,El Parian
TRA-1131427,8952160001008583732F,El Parian
TRA-1131427,8952160001008583740F,El Parian
TRA-1131427,8952160001008583757F,El Parian
TRA-1131427,8952160001008583765F,El Parian
TRA-1131427,8952160001008549493F,El Parian
TRA-1131427,8952160001008549485F,El Parian
TRA-1131427,8952160001008549477F,El Parian
TRA-1131427,8952160001008549469F,El Parian
TRA-1131427,8952160001008549964F,El Parian
TRA-1131427,8952160001008583724F,El Parian
TRA-1131427,8952160001008583716F,El Parian
TRA-1131427,8952160001008583708F,El Parian
TRA-1131427,8952160001008583690F,El Parian
TRA-1131427,8952160001008583682F,El Parian
TRA-1131427,8952160001008583674F,El Parian
TRA-1131427,8952160001008583666F,El Parian
TRA-1131427,8952160001008583658F,El Parian
TRA-1131427,8952160001008583641F,El Parian
TRA-1131427,8952160001008583633F,El Parian
TRA-1131427,8952160001008583625F,El Parian
TRA-1131427,8952160001008583617F,El Parian
TRA-1131427,8952160001008583609F,El Parian
TRA-1131427,8952160001008583591F,El Parian
TRA-1131427,8952160001008583955F,El Parian
TRA-1131427,8952160001008583948F,El Parian
TRA-1131427,8952160001008583930F,El Parian
TRA-1131427,8952160001008583922F,El Parian
TRA-1131427,8952160001008583914F,El Parian
TRA-1131427,8952160001008583906F,El Parian
TRA-1131427,8952160001008583971F,El Parian
TRA-1131427,8952160001008583963F,El Parian
TRA-1131427,8952160001008583872F,El Parian
TRA-1131427,8952160001008583864F,El Parian
TRA-1131427,8952160001008583856F,El Parian
TRA-1131427,8952160001008583849F,El Parian
TRA-1131427,8952160001008583831F,El Parian
TRA-1131427,8952160001008583823F,El Parian
TRA-1131427,8952160001008583815F,El Parian
TRA-1131427,8952160001008583807F,El Parian
TRA-1131427,8952160001008583799F,El Parian
TRA-1131427,8952160001008583781F,El Parian
TRA-1131427,8952160001008583773F,El Parian
TRA-1131432,8952160001008711192F,Garcia
TRA-1131432,8952160001008711184F,Garcia
TRA-1131432,8952160001008711176F,Garcia
TRA-1131432,8952160001008711069F,Garcia
TRA-1131432,8952160001008711051F,Garcia
TRA-1131432,8952160001008711044F,Garcia
TRA-1131432,8952160001008711036F,Garcia
TRA-1131432,8952160001008711028F,Garcia
TRA-1131432,8952160001008711002F,Garcia
TRA-1131432,8952160001008711010F,Garcia
TRA-1131432,8952160001008712828F,Garcia
TRA-1131432,8952160001008712810F,Garcia
TRA-1131432,8952160001008712794F,Garcia
TRA-1131432,8952160001008712786F,Garcia
TRA-1131432,8952160001008712778F,Garcia
TRA-1131432,8952160001008712760F,Garcia
TRA-1131432,8952160001008712752F,Garcia
TRA-1131432,8952160001008712745F,Garcia
TRA-1131432,8952160001008712737F,Garcia
TRA-1131432,8952160001008712729F,Garcia
TRA-1131432,8952160001008712711F,Garcia
TRA-1131432,8952160001008712703F,Garcia
TRA-1131432,8952160001008712695F,Garcia
TRA-1131432,8952160001008712687F,Garcia
TRA-1131432,8952160001008712679F,Garcia
TRA-1131432,8952160001008712802F,Garcia
TRA-1131432,8952160001008712992F,Garcia
TRA-1131432,8952160001008711200F,Garcia
TRA-1131432,8952160001008711218F,Garcia
TRA-1131432,8952160001008711226F,Garcia
TRA-1131432,8952160001008711234F,Garcia
TRA-1131432,8952160001008711242F,Garcia
TRA-1131432,8952160001008711259F,Garcia
TRA-1131432,8952160001008711267F,Garcia
TRA-1131432,8952160001008711275F,Garcia
TRA-1131432,8952160001008711283F,Garcia
TRA-1131432,8952160001008711291F,Garcia
TRA-1131432,8952160001008711309F,Garcia
TRA-1131432,8952160001008711317F,Garcia
TRA-1131432,8952160001008711325F,Garcia
TRA-1131432,8952160001008711333F,Garcia
TRA-1131432,8952160001008711341F,Garcia
TRA-1131432,8952160001008711358F,Garcia
TRA-1131432,8952160001008711366F,Garcia
TRA-1131432,8952160001008711374F,Garcia
TRA-1131432,8952160001008711382F,Garcia
TRA-1131432,8952160001008711390F,Garcia
TRA-1131432,8952160001008711408F,Garcia
TRA-1131432,8952160001008711416F,Garcia
TRA-1131432,8952160001008711424F,Garcia
TRA-1131432,8952160001008711432F,Garcia
TRA-1131432,8952160001008711440F,Garcia
TRA-1131432,8952160001008711457F,Garcia
TRA-1131432,8952160001008711465F,Garcia
TRA-1131432,8952160001008711473F,Garcia
TRA-1131432,8952160001008712141F,Garcia
TRA-1131432,8952160001008712133F,Garcia
TRA-1131432,8952160001008712018F,Garcia
TRA-1131432,8952160001008712026F,Garcia
TRA-1131432,8952160001008712034F,Garcia
TRA-1131432,8952160001008712042F,Garcia
TRA-1131432,8952160001008712059F,Garcia
TRA-1131432,8952160001008712067F,Garcia
TRA-1131432,8952160001008712075F,Garcia
TRA-1131432,8952160001008712083F,Garcia
TRA-1131432,8952160001008712091F,Garcia
TRA-1131432,8952160001008712109F,Garcia
TRA-1131432,8952160001008712117F,Garcia
TRA-1131432,8952160001008712125F,Garcia
TRA-1131432,8952160001008712315F,Garcia
TRA-1131432,8952160001008712323F,Garcia
TRA-1131432,8952160001008712331F,Garcia
TRA-1131432,8952160001008712349F,Garcia
TRA-1131432,8952160001008712356F,Garcia
TRA-1131432,8952160001008712364F,Garcia
TRA-1131432,8952160001008712372F,Garcia
TRA-1131432,8952160001008712380F,Garcia
TRA-1131432,8952160001008712398F,Garcia
TRA-1131432,8952160001008712406F,Garcia
TRA-1131432,8952160001008712521F,Garcia
TRA-1131432,8952160001008712539F,Garcia
TRA-1131432,8952160001008712547F,Garcia
TRA-1131432,8952160001008712554F,Garcia
TRA-1131432,8952160001008712562F,Garcia
TRA-1131432,8952160001008712570F,Garcia
TRA-1131432,8952160001008712588F,Garcia
TRA-1131432,8952160001008712596F,Garcia
TRA-1131432,8952160001008712604F,Garcia
TRA-1131432,8952160001008712612F,Garcia
TRA-1131432,8952160001008712620F,Garcia
TRA-1131432,8952160001008712638F,Garcia
TRA-1131432,8952160001008712646F,Garcia
TRA-1131432,8952160001008712653F,Garcia
TRA-1131432,8952160001008712661F,Garcia
TRA-1131432,8952160001008712836F,Garcia
TRA-1131432,8952160001008712844F,Garcia
TRA-1131432,8952160001008712851F,Garcia
TRA-1131432,8952160001008712869F,Garcia
TRA-1131432,8952160001008712877F,Garcia
TRA-1131432,8952160001008712885F,Garcia
TRA-1131432,8952160001008712893F,Garcia
TRA-1131432,8952160001008712901F,Garcia
TRA-1131432,8952160001008712919F,Garcia
TRA-1131432,8952160001008712927F,Garcia
TRA-1131432,8952160001008712935F,Garcia
TRA-1131432,8952160001008712943F,Garcia
TRA-1131432,8952160001008712950F,Garcia
TRA-1131432,8952160001008712968F,Garcia
TRA-1131432,8952160001008712976F,Garcia
TRA-1131432,8952160001008712984F,Garcia
TRA-1131432,8952160001008711788F,Garcia
TRA-1131432,8952160001008711796F,Garcia
TRA-1131432,8952160001008711804F,Garcia
TRA-1131432,8952160001008711812F,Garcia
TRA-1131432,8952160001008711820F,Garcia
TRA-1131432,8952160001008711838F,Garcia
TRA-1131432,8952160001008711846F,Garcia
TRA-1131432,8952160001008710004F,Garcia
TRA-1131432,8952160001008710509F,Garcia
TRA-1131432,8952160001008710517F,Garcia
TRA-1131432,8952160001008710525F,Garcia
TRA-1131432,8952160001008710533F,Garcia
TRA-1131432,8952160001008710541F,Garcia
TRA-1131432,8952160001008710558F,Garcia
TRA-1131432,8952160001008710566F,Garcia
TRA-1131432,8952160001008710574F,Garcia
TRA-1131432,8952160001008710012F,Garcia
TRA-1131432,8952160001008710020F,Garcia
TRA-1131432,8952160001008710038F,Garcia
TRA-1131432,8952160001008710046F,Garcia
TRA-1131432,8952160001008710053F,Garcia
TRA-1131432,8952160001008710061F,Garcia
TRA-1131432,8952160001008710079F,Garcia
TRA-1131432,8952160001008710087F,Garcia
TRA-1131432,8952160001008710095F,Garcia
TRA-1131432,8952160001008710103F,Garcia
TRA-1131432,8952160001008710111F,Garcia
TRA-1131432,8952160001008710129F,Garcia
TRA-1131432,8952160001008710137F,Garcia
TRA-1131432,8952160001008710145F,Garcia
TRA-1131432,8952160001008710152F,Garcia
TRA-1131432,8952160001008710160F,Garcia
TRA-1131432,8952160001008710178F,Garcia
TRA-1131432,8952160001008710186F,Garcia
TRA-1131432,8952160001008710194F,Garcia
TRA-1131432,8952160001008710202F,Garcia
TRA-1131432,8952160001008710210F,Garcia
TRA-1131432,8952160001008710228F,Garcia
TRA-1131432,8952160001008710236F,Garcia
TRA-1131432,8952160001008710244F,Garcia
TRA-1131432,8952160001008710251F,Garcia
TRA-1131432,8952160001008710269F,Garcia
TRA-1131432,8952160001008710277F,Garcia
TRA-1131432,8952160001008710285F,Garcia
TRA-1131432,8952160001008710293F,Garcia
TRA-1131432,8952160001008710301F,Garcia
TRA-1131432,8952160001008710319F,Garcia
TRA-1131432,8952160001008710475F,Garcia
TRA-1131432,8952160001008710483F,Garcia
TRA-1131432,8952160001008710491F,Garcia
TRA-1131432,8952160001008710327F,Garcia
TRA-1131432,8952160001008710335F,Garcia
TRA-1131432,8952160001008710343F,Garcia
TRA-1131432,8952160001008710350F,Garcia
TRA-1131432,8952160001008710368F,Garcia
TRA-1131432,8952160001008711481F,Garcia
TRA-1131432,8952160001008711499F,Garcia
TRA-1131432,8952160001008711077F,Garcia
TRA-1131432,8952160001008711085F,Garcia
TRA-1131432,8952160001008711093F,Garcia
TRA-1131432,8952160001008711101F,Garcia
TRA-1131432,8952160001008711119F,Garcia
TRA-1131432,8952160001008711127F,Garcia
TRA-1131432,8952160001008711135F,Garcia
TRA-1131432,8952160001008711143F,Garcia
TRA-1131432,8952160001008711150F,Garcia
TRA-1131432,8952160001008711168F,Garcia
TRA-1131432,8952160001008711507F,Garcia
TRA-1131432,8952160001008711515F,Garcia
TRA-1131432,8952160001008711523F,Garcia
TRA-1131432,8952160001008711531F,Garcia
TRA-1131432,8952160001008711549F,Garcia
TRA-1131432,8952160001008711556F,Garcia
TRA-1131432,8952160001008711564F,Garcia
TRA-1131432,8952160001008711572F,Garcia
TRA-1131432,8952160001008711580F,Garcia
TRA-1131432,8952160001008711598F,Garcia
TRA-1131432,8952160001008711606F,Garcia
TRA-1131432,8952160001008711614F,Garcia
TRA-1131432,8952160001008711622F,Garcia
TRA-1131432,8952160001008711630F,Garcia
TRA-1131432,8952160001008711648F,Garcia
TRA-1131432,8952160001008711770F,Garcia
TRA-1131432,8952160001008711762F,Garcia
TRA-1131432,8952160001008711754F,Garcia
TRA-1131432,8952160001008711747F,Garcia
TRA-1131432,8952160001008711739F,Garcia
TRA-1131432,8952160001008711960F,Garcia
TRA-1131432,8952160001008711986F,Garcia
TRA-1131432,8952160001008711937F,Garcia
TRA-1131432,8952160001008711929F,Garcia
TRA-1131432,8952160001008711911F,Garcia
TRA-1131432,8952160001008711903F,Garcia
TRA-1131432,8952160001008711895F,Garcia
TRA-1131432,8952160001008711887F,Garcia
TRA-1131432,8952160001008711978F,Garcia
TRA-1131432,8952160001008711952F,Garcia
TRA-1131432,8952160001008711945F,Garcia
TRA-1131432,8952160001008711994F,Garcia
TRA-1131432,8952160001008711879F,Garcia
TRA-1131432,8952160001008711861F,Garcia
TRA-1131432,8952160001008711853F,Garcia
TRA-1131432,8952160001008711721F,Garcia
TRA-1131432,8952160001008711713F,Garcia
TRA-1131432,8952160001008711705F,Garcia
TRA-1131432,8952160001008711697F,Garcia
TRA-1131432,8952160001008711689F,Garcia
TRA-1131432,8952160001008711671F,Garcia
TRA-1131432,8952160001008711663F,Garcia
TRA-1131432,8952160001008711655F,Garcia
TRA-1131440,8952160001008586628F,Paseo Tec
TRA-1131440,8952160001008586610F,Paseo Tec
TRA-1131440,8952160001008586602F,Paseo Tec
TRA-1131440,8952160001008586594F,Paseo Tec
TRA-1131440,8952160001008586586F,Paseo Tec
TRA-1131440,8952160001008586578F,Paseo Tec
TRA-1131440,8952160001008586560F,Paseo Tec
TRA-1131440,8952160001008586552F,Paseo Tec
TRA-1131440,8952160001008586545F,Paseo Tec
TRA-1131440,8952160001008586537F,Paseo Tec
TRA-1131440,8952160001008586529F,Paseo Tec
TRA-1131440,8952160001008586511F,Paseo Tec
TRA-1131440,8952160001008586503F,Paseo Tec
TRA-1131440,8952160001008586313F,Paseo Tec
TRA-1131440,8952160001008586305F,Paseo Tec
TRA-1131440,8952160001008586297F,Paseo Tec
TRA-1131440,8952160001008586289F,Paseo Tec
TRA-1131440,8952160001008586271F,Paseo Tec
TRA-1131440,8952160001008586263F,Paseo Tec
TRA-1131440,8952160001008586255F,Paseo Tec
TRA-1131440,8952160001008586248F,Paseo Tec
TRA-1131440,8952160001008586636F,Paseo Tec
TRA-1131440,8952160001008586644F,Paseo Tec
TRA-1131440,8952160001008586651F,Paseo Tec
TRA-1131440,8952160001008586669F,Paseo Tec
TRA-1131440,8952160001008586677F,Paseo Tec
TRA-1131440,8952160001008586685F,Paseo Tec
TRA-1131440,8952160001008586891F,Paseo Tec
TRA-1131440,8952160001008586909F,Paseo Tec
TRA-1131440,8952160001008586917F,Paseo Tec
TRA-1131440,8952160001008586925F,Paseo Tec
TRA-1131440,8952160001008586933F,Paseo Tec
TRA-1131440,8952160001008586941F,Paseo Tec
TRA-1131440,8952160001008586958F,Paseo Tec
TRA-1131440,8952160001008586966F,Paseo Tec
TRA-1131440,8952160001008586974F,Paseo Tec
TRA-1131440,8952160001008586982F,Paseo Tec
TRA-1131440,8952160001008586768F,Paseo Tec
TRA-1131440,8952160001008586776F,Paseo Tec
TRA-1131440,8952160001008586784F,Paseo Tec
TRA-1131440,8952160001008586792F,Paseo Tec
TRA-1131440,8952160001008586800F,Paseo Tec
TRA-1131440,8952160001008586990F,Paseo Tec
TRA-1131440,8952160001008586008F,Paseo Tec
TRA-1131440,8952160001008586016F,Paseo Tec
TRA-1131440,8952160001008586024F,Paseo Tec
TRA-1131440,8952160001008586032F,Paseo Tec
TRA-1131440,8952160001008586040F,Paseo Tec
TRA-1131440,8952160001008586057F,Paseo Tec
TRA-1131440,8952160001008586065F,Paseo Tec
TRA-1131440,8952160001008586347F,Paseo Tec
TRA-1131440,8952160001008586354F,Paseo Tec
TRA-1131440,8952160001008586362F,Paseo Tec
TRA-1131440,8952160001008586073F,Paseo Tec
TRA-1131440,8952160001008586081F,Paseo Tec
TRA-1131440,8952160001008586099F,Paseo Tec
TRA-1131440,8952160001008586107F,Paseo Tec
TRA-1131440,8952160001008586115F,Paseo Tec
TRA-1131440,8952160001008586123F,Paseo Tec
TRA-1131440,8952160001008586131F,Paseo Tec
TRA-1131440,8952160001008586321F,Paseo Tec
TRA-1131440,8952160001008586339F,Paseo Tec
TRA-1131440,8952160001008586370F,Paseo Tec
TRA-1131440,8952160001008586388F,Paseo Tec
TRA-1131440,8952160001008586396F,Paseo Tec
TRA-1131440,8952160001008586404F,Paseo Tec
TRA-1131440,8952160001008586412F,Paseo Tec
TRA-1131440,8952160001008586420F,Paseo Tec
TRA-1131440,8952160001008586438F,Paseo Tec
TRA-1131440,8952160001008586446F,Paseo Tec
TRA-1131440,8952160001008586453F,Paseo Tec
TRA-1131440,8952160001008586461F,Paseo Tec
TRA-1131440,8952160001008586479F,Paseo Tec
TRA-1131440,8952160001008586487F,Paseo Tec
TRA-1131440,8952160001008586495F,Paseo Tec
TRA-1131440,8952160001008586149F,Paseo Tec
TRA-1131440,8952160001008586156F,Paseo Tec
TRA-1131440,8952160001008586164F,Paseo Tec
TRA-1131440,8952160001008586172F,Paseo Tec
TRA-1131440,8952160001008586180F,Paseo Tec
TRA-1131440,8952160001008586198F,Paseo Tec
TRA-1131440,8952160001008586206F,Paseo Tec
TRA-1131440,8952160001008586214F,Paseo Tec
TRA-1131440,8952160001008586222F,Paseo Tec
TRA-1131440,8952160001008586230F,Paseo Tec
TRA-1131440,8952160001008589085F,Paseo Tec
TRA-1131440,8952160001008589093F,Paseo Tec
TRA-1131440,8952160001008589101F,Paseo Tec
TRA-1131440,8952160001008589119F,Paseo Tec
TRA-1131440,8952160001008589127F,Paseo Tec
TRA-1131440,8952160001008589135F,Paseo Tec
TRA-1131440,8952160001008589143F,Paseo Tec
TRA-1131440,8952160001008589150F,Paseo Tec
TRA-1131440,8952160001008589168F,Paseo Tec
TRA-1131440,8952160001008589176F,Paseo Tec
TRA-1131440,8952160001008589184F,Paseo Tec
TRA-1131440,8952160001008589192F,Paseo Tec
TRA-1131440,8952160001008589200F,Paseo Tec
TRA-1131440,8952160001008589218F,Paseo Tec
TRA-1131440,8952160001008589226F,Paseo Tec
TRA-1131440,8952160001008589234F,Paseo Tec
TRA-1131440,8952160001008589242F,Paseo Tec
TRA-1131440,8952160001008589259F,Paseo Tec
TRA-1131440,8952160001008589267F,Paseo Tec
TRA-1131440,8952160001008589275F,Paseo Tec
TRA-1131440,8952160001008589283F,Paseo Tec
TRA-1131440,8952160001008589291F,Paseo Tec
TRA-1131440,8952160001008589309F,Paseo Tec
TRA-1131440,8952160001008589507F,Paseo Tec
TRA-1131440,8952160001008589515F,Paseo Tec
TRA-1131440,8952160001008589523F,Paseo Tec
TRA-1131440,8952160001008589531F,Paseo Tec
TRA-1131440,8952160001008589861F,Paseo Tec
TRA-1131440,8952160001008589879F,Paseo Tec
TRA-1131440,8952160001008589887F,Paseo Tec
TRA-1131440,8952160001008589895F,Paseo Tec
TRA-1131440,8952160001008589903F,Paseo Tec
TRA-1131440,8952160001008589911F,Paseo Tec
TRA-1131440,8952160001008589929F,Paseo Tec
TRA-1131440,8952160001008589937F,Paseo Tec
TRA-1131440,8952160001008589945F,Paseo Tec
TRA-1131440,8952160001008589952F,Paseo Tec
TRA-1131440,8952160001008589960F,Paseo Tec
TRA-1131440,8952160001008589978F,Paseo Tec
TRA-1131440,8952160001008589986F,Paseo Tec
TRA-1131440,8952160001008589549F,Paseo Tec
TRA-1131440,8952160001008589556F,Paseo Tec
TRA-1131440,8952160001008586818F,Paseo Tec
TRA-1131440,8952160001008586826F,Paseo Tec
TRA-1131440,8952160001008586834F,Paseo Tec
TRA-1131440,8952160001008586693F,Paseo Tec
TRA-1131440,8952160001008586701F,Paseo Tec
TRA-1131440,8952160001008586719F,Paseo Tec
TRA-1131440,8952160001008586727F,Paseo Tec
TRA-1131440,8952160001008586735F,Paseo Tec
TRA-1131440,8952160001008586743F,Paseo Tec
TRA-1131440,8952160001008586750F,Paseo Tec
TRA-1131440,8952160001008586842F,Paseo Tec
TRA-1131440,8952160001008586859F,Paseo Tec
TRA-1131440,8952160001008586867F,Paseo Tec
TRA-1131440,8952160001008586875F,Paseo Tec
TRA-1131440,8952160001008586883F,Paseo Tec
TRA-1131440,8952160001008589994F,Paseo Tec
TRA-1131440,8952160001008589002F,Paseo Tec
TRA-1131440,8952160001008589010F,Paseo Tec
TRA-1131440,8952160001008589028F,Paseo Tec
TRA-1131440,8952160001008589036F,Paseo Tec
TRA-1131440,8952160001008589044F,Paseo Tec
TRA-1131440,8952160001008589077F,Paseo Tec
TRA-1131440,8952160001008589499F,Paseo Tec
TRA-1131440,8952160001008589481F,Paseo Tec
TRA-1131440,8952160001008589473F,Paseo Tec
TRA-1131440,8952160001008589465F,Paseo Tec
TRA-1131440,8952160001008589457F,Paseo Tec
TRA-1131440,8952160001008589440F,Paseo Tec
TRA-1131440,8952160001008589432F,Paseo Tec
TRA-1131440,8952160001008589424F,Paseo Tec
TRA-1131440,8952160001008589416F,Paseo Tec
TRA-1131440,8952160001008589408F,Paseo Tec
TRA-1131440,8952160001008589390F,Paseo Tec
TRA-1131440,8952160001008589382F,Paseo Tec
TRA-1131440,8952160001008589374F,Paseo Tec
TRA-1131440,8952160001008589366F,Paseo Tec
TRA-1131440,8952160001008589358F,Paseo Tec
TRA-1131440,8952160001008589341F,Paseo Tec
TRA-1131440,8952160001008589333F,Paseo Tec
TRA-1131440,8952160001008589325F,Paseo Tec
TRA-1131440,8952160001008589317F,Paseo Tec
TRA-1131440,8952160001008589069F,Paseo Tec
TRA-1131440,8952160001008589051F,Paseo Tec
TRA-1131445,8952160001008692467F,Altea Lincoln
TRA-1131445,8952160001008692459F,Altea Lincoln
TRA-1131445,8952160001008692442F,Altea Lincoln
TRA-1131445,8952160001008692434F,Altea Lincoln
TRA-1131445,8952160001008692426F,Altea Lincoln
TRA-1131445,8952160001008692418F,Altea Lincoln
TRA-1131445,8952160001008692400F,Altea Lincoln
TRA-1131445,8952160001008692392F,Altea Lincoln
TRA-1131445,8952160001008692384F,Altea Lincoln
TRA-1131445,8952160001008692376F,Altea Lincoln
TRA-1131445,8952160001008692368F,Altea Lincoln
TRA-1131445,8952160001008692350F,Altea Lincoln
TRA-1131445,8952160001008692343F,Altea Lincoln
TRA-1131445,8952160001008692335F,Altea Lincoln
TRA-1131445,8952160001008692327F,Altea Lincoln
TRA-1131445,8952160001008692319F,Altea Lincoln
TRA-1131445,8952160001008692202F,Altea Lincoln
TRA-1131445,8952160001008692194F,Altea Lincoln
TRA-1131445,8952160001008692186F,Altea Lincoln
TRA-1131445,8952160001008692178F,Altea Lincoln
TRA-1131445,8952160001008692665F,Altea Lincoln
TRA-1131445,8952160001008692657F,Altea Lincoln
TRA-1131445,8952160001008692640F,Altea Lincoln
TRA-1131445,8952160001008692632F,Altea Lincoln
TRA-1131445,8952160001008692624F,Altea Lincoln
TRA-1131445,8952160001008692616F,Altea Lincoln
TRA-1131445,8952160001008692608F,Altea Lincoln
TRA-1131445,8952160001008692590F,Altea Lincoln
TRA-1131445,8952160001008692582F,Altea Lincoln
TRA-1131445,8952160001008692574F,Altea Lincoln
TRA-1131445,8952160001008692566F,Altea Lincoln
TRA-1131445,8952160001008692558F,Altea Lincoln
TRA-1131445,8952160001008692541F,Altea Lincoln
TRA-1131445,8952160001008692533F,Altea Lincoln
TRA-1131445,8952160001008692525F,Altea Lincoln
TRA-1131445,8952160001008692517F,Altea Lincoln
TRA-1131445,8952160001008692483F,Altea Lincoln
TRA-1131445,8952160001008692475F,Altea Lincoln
TRA-1131445,8952160001008692491F,Altea Lincoln
TRA-1131445,8952160001008692020F,Altea Lincoln
TRA-1131445,8952160001008692038F,Altea Lincoln
TRA-1131445,8952160001008692046F,Altea Lincoln
TRA-1131445,8952160001008692053F,Altea Lincoln
TRA-1131445,8952160001008692061F,Altea Lincoln
TRA-1131445,8952160001008692079F,Altea Lincoln
TRA-1131445,8952160001008692087F,Altea Lincoln
TRA-1131445,8952160001008692095F,Altea Lincoln
TRA-1131445,8952160001008692103F,Altea Lincoln
TRA-1131445,8952160001008692111F,Altea Lincoln
TRA-1131445,8952160001008692129F,Altea Lincoln
TRA-1131445,8952160001008692137F,Altea Lincoln
TRA-1131445,8952160001008692145F,Altea Lincoln
TRA-1131445,8952160001008692152F,Altea Lincoln
TRA-1131445,8952160001008692160F,Altea Lincoln
TRA-1131445,8952160001008692004F,Altea Lincoln
TRA-1131445,8952160001008692012F,Altea Lincoln
TRA-1131445,8952160001008693200F,Altea Lincoln
TRA-1131445,8952160001008693218F,Altea Lincoln
TRA-1131445,8952160001008693226F,Altea Lincoln
TRA-1131445,8952160001008693234F,Altea Lincoln
TRA-1131445,8952160001008693242F,Altea Lincoln
TRA-1131445,8952160001008693259F,Altea Lincoln
TRA-1131445,8952160001008693267F,Altea Lincoln
TRA-1131445,8952160001008693275F,Altea Lincoln
TRA-1131445,8952160001008693283F,Altea Lincoln
TRA-1131445,8952160001008693291F,Altea Lincoln
TRA-1131445,8952160001008693507F,Altea Lincoln
TRA-1131445,8952160001008693515F,Altea Lincoln
TRA-1131445,8952160001008693523F,Altea Lincoln
TRA-1131445,8952160001008693531F,Altea Lincoln
TRA-1131445,8952160001008693549F,Altea Lincoln
TRA-1131445,8952160001008693556F,Altea Lincoln
TRA-1131445,8952160001008693564F,Altea Lincoln
TRA-1131445,8952160001008682898F,Altea Lincoln
TRA-1131445,8952160001008682906F,Altea Lincoln
TRA-1131445,8952160001008682914F,Altea Lincoln
TRA-1131445,8952160001008682922F,Altea Lincoln
TRA-1131445,8952160001008682930F,Altea Lincoln
TRA-1131445,8952160001008682948F,Altea Lincoln
TRA-1131445,8952160001008682955F,Altea Lincoln
TRA-1131445,8952160001008682963F,Altea Lincoln
TRA-1131445,8952160001008682971F,Altea Lincoln
TRA-1131445,8952160001008682989F,Altea Lincoln
TRA-1131445,8952160001008682740F,Altea Lincoln
TRA-1131445,8952160001008682757F,Altea Lincoln
TRA-1131445,8952160001008682765F,Altea Lincoln
TRA-1131445,8952160001008682773F,Altea Lincoln
TRA-1131445,8952160001008682534F,Altea Lincoln
TRA-1131445,8952160001008682542F,Altea Lincoln
TRA-1131445,8952160001008682559F,Altea Lincoln
TRA-1131445,8952160001008682567F,Altea Lincoln
TRA-1131445,8952160001008682575F,Altea Lincoln
TRA-1131445,8952160001008682583F,Altea Lincoln
TRA-1131445,8952160001008682591F,Altea Lincoln
TRA-1131445,8952160001008682609F,Altea Lincoln
TRA-1131445,8952160001008682617F,Altea Lincoln
TRA-1131445,8952160001008682625F,Altea Lincoln
TRA-1131445,8952160001008682633F,Altea Lincoln
TRA-1131445,8952160001008682641F,Altea Lincoln
TRA-1131445,8952160001008682658F,Altea Lincoln
TRA-1131445,8952160001008682666F,Altea Lincoln
TRA-1131445,8952160001008682674F,Altea Lincoln
TRA-1131445,8952160001008682682F,Altea Lincoln
TRA-1131445,8952160001008692707F,Altea Lincoln
TRA-1131445,8952160001008692715F,Altea Lincoln
TRA-1131445,8952160001008692723F,Altea Lincoln
TRA-1131445,8952160001008692731F,Altea Lincoln
TRA-1131445,8952160001008692749F,Altea Lincoln
TRA-1131445,8952160001008692756F,Altea Lincoln
TRA-1131445,8952160001008692764F,Altea Lincoln
TRA-1131445,8952160001008692772F,Altea Lincoln
TRA-1131445,8952160001008692780F,Altea Lincoln
TRA-1131445,8952160001008692210F,Altea Lincoln
TRA-1131445,8952160001008692228F,Altea Lincoln
TRA-1131445,8952160001008692236F,Altea Lincoln
TRA-1131445,8952160001008692244F,Altea Lincoln
TRA-1131445,8952160001008692251F,Altea Lincoln
TRA-1131445,8952160001008692269F,Altea Lincoln
TRA-1131445,8952160001008692277F,Altea Lincoln
TRA-1131445,8952160001008692285F,Altea Lincoln
TRA-1131445,8952160001008692293F,Altea Lincoln
TRA-1131445,8952160001008692301F,Altea Lincoln
TRA-1131445,8952160001008692798F,Altea Lincoln
TRA-1131445,8952160001008692806F,Altea Lincoln
TRA-1131445,8952160001008692814F,Altea Lincoln
TRA-1131445,8952160001008692822F,Altea Lincoln
TRA-1131445,8952160001008692830F,Altea Lincoln
TRA-1131445,8952160001008692848F,Altea Lincoln
TRA-1131445,8952160001008692855F,Altea Lincoln
TRA-1131445,8952160001008692863F,Altea Lincoln
TRA-1131445,8952160001008692871F,Altea Lincoln
TRA-1131445,8952160001008692889F,Altea Lincoln
TRA-1131445,8952160001008692897F,Altea Lincoln
TRA-1131445,8952160001008692905F,Altea Lincoln
TRA-1131445,8952160001008692913F,Altea Lincoln
TRA-1131445,8952160001008692921F,Altea Lincoln
TRA-1131445,8952160001008692939F,Altea Lincoln
TRA-1131445,8952160001008692947F,Altea Lincoln
TRA-1131445,8952160001008692954F,Altea Lincoln
TRA-1131445,8952160001008692962F,Altea Lincoln
TRA-1131445,8952160001008692970F,Altea Lincoln
TRA-1131445,8952160001008692988F,Altea Lincoln
TRA-1131445,8952160001008692996F,Altea Lincoln
TRA-1131445,8952160001008692509F,Altea Lincoln
TRA-1131445,8952160001008692673F,Altea Lincoln
TRA-1131445,8952160001008692681F,Altea Lincoln
TRA-1131445,8952160001008692699F,Altea Lincoln
TRA-1131445,8952160001008694935F,Altea Lincoln
TRA-1131445,8952160001008694927F,Altea Lincoln
TRA-1131445,8952160001008694919F,Altea Lincoln
TRA-1131445,8952160001008694901F,Altea Lincoln
TRA-1131445,8952160001008694893F,Altea Lincoln
TRA-1131445,8952160001008694885F,Altea Lincoln
TRA-1131445,8952160001008694208F,Altea Lincoln
TRA-1131445,8952160001008694497F,Altea Lincoln
TRA-1131445,8952160001008694489F,Altea Lincoln
TRA-1131445,8952160001008694471F,Altea Lincoln
TRA-1131445,8952160001008694463F,Altea Lincoln
TRA-1131445,8952160001008694455F,Altea Lincoln
TRA-1131445,8952160001008694448F,Altea Lincoln
TRA-1131445,8952160001008694430F,Altea Lincoln
TRA-1131445,8952160001008694422F,Altea Lincoln
TRA-1131445,8952160001008694414F,Altea Lincoln
TRA-1131445,8952160001008694687F,Altea Lincoln
TRA-1131445,8952160001008694679F,Altea Lincoln
TRA-1131445,8952160001008694661F,Altea Lincoln
TRA-1131445,8952160001008694653F,Altea Lincoln
TRA-1131445,8952160001008694646F,Altea Lincoln
TRA-1131445,8952160001008694638F,Altea Lincoln
TRA-1131445,8952160001008694620F,Altea Lincoln
TRA-1131445,8952160001008694612F,Altea Lincoln
TRA-1131445,8952160001008694604F,Altea Lincoln
TRA-1131445,8952160001008694596F,Altea Lincoln
TRA-1131445,8952160001008694588F,Altea Lincoln
TRA-1131445,8952160001008694570F,Altea Lincoln
TRA-1131445,8952160001008694562F,Altea Lincoln
TRA-1131445,8952160001008694554F,Altea Lincoln
TRA-1131445,8952160001008694547F,Altea Lincoln
TRA-1131445,8952160001008694539F,Altea Lincoln
TRA-1131445,8952160001008694521F,Altea Lincoln
TRA-1131445,8952160001008694513F,Altea Lincoln
TRA-1131445,8952160001008694505F,Altea Lincoln
TRA-1131445,8952160001008694877F,Altea Lincoln
TRA-1131445,8952160001008694869F,Altea Lincoln
TRA-1131445,8952160001008694851F,Altea Lincoln
TRA-1131445,8952160001008694844F,Altea Lincoln
TRA-1131445,8952160001008694836F,Altea Lincoln
TRA-1131445,8952160001008694828F,Altea Lincoln
TRA-1131445,8952160001008694810F,Altea Lincoln
TRA-1131445,8952160001008694802F,Altea Lincoln
TRA-1131445,8952160001008694794F,Altea Lincoln
TRA-1131445,8952160001008694786F,Altea Lincoln
TRA-1131445,8952160001008694265F,Altea Lincoln
TRA-1131445,8952160001008694273F,Altea Lincoln
TRA-1131445,8952160001008694281F,Altea Lincoln
TRA-1131445,8952160001008694299F,Altea Lincoln
TRA-1131445,8952160001008694307F,Altea Lincoln
TRA-1131445,8952160001008694315F,Altea Lincoln
TRA-1131445,8952160001008694323F,Altea Lincoln
TRA-1131445,8952160001008694331F,Altea Lincoln
TRA-1131445,8952160001008694349F,Altea Lincoln
TRA-1131445,8952160001008694356F,Altea Lincoln
TRA-1131445,8952160001008694364F,Altea Lincoln
TRA-1131445,8952160001008694372F,Altea Lincoln
TRA-1131445,8952160001008694380F,Altea Lincoln
TRA-1131445,8952160001008694398F,Altea Lincoln
TRA-1131445,8952160001008694406F,Altea Lincoln
TRA-1131445,8952160001008694166F,Altea Lincoln
TRA-1131445,8952160001008694174F,Altea Lincoln
TRA-1131445,8952160001008694182F,Altea Lincoln
TRA-1131445,8952160001008694190F,Altea Lincoln
TRA-1131445,8952160001008694000F,Altea Lincoln
TRA-1131445,8952160001008694018F,Altea Lincoln
TRA-1131445,8952160001008694026F,Altea Lincoln
TRA-1131445,8952160001008694034F,Altea Lincoln
TRA-1131445,8952160001008694042F,Altea Lincoln
TRA-1131445,8952160001008694059F,Altea Lincoln
TRA-1131445,8952160001008694067F,Altea Lincoln
TRA-1131445,8952160001008694075F,Altea Lincoln
TRA-1131445,8952160001008694083F,Altea Lincoln
TRA-1131445,8952160001008694091F,Altea Lincoln
TRA-1131445,8952160001008694109F,Altea Lincoln
TRA-1131445,8952160001008694117F,Altea Lincoln
TRA-1131445,8952160001008694125F,Altea Lincoln
TRA-1131445,8952160001008694133F,Altea Lincoln
TRA-1131445,8952160001008694141F,Altea Lincoln
TRA-1131445,8952160001008694158F,Altea Lincoln
TRA-1131445,8952160001008694257F,Altea Lincoln
TRA-1131445,8952160001008694240F,Altea Lincoln
TRA-1131445,8952160001008694232F,Altea Lincoln
TRA-1131445,8952160001008694224F,Altea Lincoln
TRA-1131445,8952160001008694216F,Altea Lincoln
TRA-1131445,8952160001008694992F,Altea Lincoln
TRA-1131445,8952160001008694984F,Altea Lincoln
TRA-1131445,8952160001008694976F,Altea Lincoln
TRA-1131445,8952160001008694968F,Altea Lincoln
TRA-1131445,8952160001008694950F,Altea Lincoln
TRA-1131445,8952160001008694943F,Altea Lincoln
TRA-1131445,8952160001008693499F,Altea Lincoln
TRA-1131445,8952160001008693481F,Altea Lincoln
TRA-1131445,8952160001008693473F,Altea Lincoln
TRA-1131445,8952160001008693796F,Altea Lincoln
TRA-1131445,8952160001008693788F,Altea Lincoln
TRA-1131445,8952160001008693770F,Altea Lincoln
TRA-1131445,8952160001008693762F,Altea Lincoln
TRA-1131445,8952160001008693754F,Altea Lincoln
TRA-1131445,8952160001008693747F,Altea Lincoln
TRA-1131445,8952160001008693739F,Altea Lincoln
TRA-1131445,8952160001008693721F,Altea Lincoln
TRA-1131445,8952160001008693713F,Altea Lincoln
TRA-1131445,8952160001008693705F,Altea Lincoln
TRA-1131445,8952160001008693697F,Altea Lincoln
TRA-1131445,8952160001008693689F,Altea Lincoln
TRA-1131445,8952160001008693671F,Altea Lincoln
TRA-1131445,8952160001008693663F,Altea Lincoln
TRA-1131445,8952160001008693804F,Altea Lincoln
TRA-1131445,8952160001008693994F,Altea Lincoln
TRA-1131445,8952160001008693986F,Altea Lincoln
TRA-1131445,8952160001008693978F,Altea Lincoln
TRA-1131445,8952160001008693960F,Altea Lincoln
TRA-1131445,8952160001008693952F,Altea Lincoln
TRA-1131445,8952160001008693945F,Altea Lincoln
TRA-1131445,8952160001008693937F,Altea Lincoln
TRA-1131445,8952160001008693929F,Altea Lincoln
TRA-1131445,8952160001008693911F,Altea Lincoln
TRA-1131445,8952160001008693903F,Altea Lincoln
TRA-1131445,8952160001008693895F,Altea Lincoln
TRA-1131445,8952160001008693887F,Altea Lincoln
TRA-1131445,8952160001008693879F,Altea Lincoln
TRA-1131445,8952160001008693861F,Altea Lincoln
TRA-1131445,8952160001008693853F,Altea Lincoln
TRA-1131445,8952160001008693846F,Altea Lincoln
TRA-1131445,8952160001008693838F,Altea Lincoln
TRA-1131445,8952160001008693820F,Altea Lincoln
TRA-1131445,8952160001008693812F,Altea Lincoln
TRA-1131445,8952160001008693655F,Altea Lincoln
TRA-1131445,8952160001008693648F,Altea Lincoln
TRA-1131445,8952160001008693630F,Altea Lincoln
TRA-1131445,8952160001008693622F,Altea Lincoln
TRA-1131445,8952160001008693614F,Altea Lincoln
TRA-1131445,8952160001008693606F,Altea Lincoln
TRA-1131445,8952160001008693598F,Altea Lincoln
TRA-1131445,8952160001008693580F,Altea Lincoln
TRA-1131445,8952160001008693572F,Altea Lincoln
TRA-1131445,8952160001008694778F,Altea Lincoln
TRA-1131445,8952160001008694760F,Altea Lincoln
TRA-1131445,8952160001008694752F,Altea Lincoln
TRA-1131445,8952160001008694745F,Altea Lincoln
TRA-1131445,8952160001008694737F,Altea Lincoln
TRA-1131445,8952160001008694729F,Altea Lincoln
TRA-1131445,8952160001008694711F,Altea Lincoln
TRA-1131445,8952160001008694703F,Altea Lincoln
TRA-1131445,8952160001008694695F,Altea Lincoln
TRA-1131445,8952160001008693184F,Altea Lincoln
TRA-1131445,8952160001008693176F,Altea Lincoln
TRA-1131445,8952160001008693168F,Altea Lincoln
TRA-1131445,8952160001008693150F,Altea Lincoln
TRA-1131445,8952160001008693143F,Altea Lincoln
TRA-1131445,8952160001008693135F,Altea Lincoln
TRA-1131445,8952160001008693127F,Altea Lincoln
TRA-1131445,8952160001008693119F,Altea Lincoln
TRA-1131445,8952160001008693101F,Altea Lincoln
TRA-1131445,8952160001008693093F,Altea Lincoln
TRA-1131445,8952160001008693085F,Altea Lincoln
TRA-1131445,8952160001008693077F,Altea Lincoln
TRA-1131445,8952160001008693069F,Altea Lincoln
TRA-1131445,8952160001008693051F,Altea Lincoln
TRA-1131445,8952160001008693044F,Altea Lincoln
TRA-1131445,8952160001008693036F,Altea Lincoln
TRA-1131445,8952160001008693028F,Altea Lincoln
TRA-1131445,8952160001008693010F,Altea Lincoln
TRA-1131445,8952160001008693002F,Altea Lincoln
TRA-1131445,8952160001008693192F,Altea Lincoln
TRA-1131445,8952160001008693465F,Altea Lincoln
TRA-1131445,8952160001008693457F,Altea Lincoln
TRA-1131445,8952160001008693440F,Altea Lincoln
TRA-1131445,8952160001008693432F,Altea Lincoln
TRA-1131445,8952160001008693424F,Altea Lincoln
TRA-1131445,8952160001008693416F,Altea Lincoln
TRA-1131445,8952160001008693408F,Altea Lincoln
TRA-1131445,8952160001008693390F,Altea Lincoln
TRA-1131445,8952160001008693382F,Altea Lincoln
TRA-1131445,8952160001008693374F,Altea Lincoln
TRA-1131445,8952160001008693366F,Altea Lincoln
TRA-1131445,8952160001008693358F,Altea Lincoln
TRA-1131445,8952160001008693341F,Altea Lincoln
TRA-1131445,8952160001008693333F,Altea Lincoln
TRA-1131445,8952160001008693325F,Altea Lincoln
TRA-1131445,8952160001008693317F,Altea Lincoln
TRA-1131445,8952160001008693309F,Altea Lincoln
TRA-1131447,8952160001008722454F,Matriz Saltillo
TRA-1131447,8952160001008722462F,Matriz Saltillo
TRA-1131447,8952160001008722470F,Matriz Saltillo
TRA-1131447,8952160001008722488F,Matriz Saltillo
TRA-1131447,8952160001008722496F,Matriz Saltillo
TRA-1131447,8952160001008722504F,Matriz Saltillo
TRA-1131447,8952160001008722512F,Matriz Saltillo
TRA-1131447,8952160001008722520F,Matriz Saltillo
TRA-1131447,8952160001008722538F,Matriz Saltillo
TRA-1131447,8952160001008722546F,Matriz Saltillo
TRA-1131447,8952160001008722553F,Matriz Saltillo
TRA-1131447,8952160001008722561F,Matriz Saltillo
TRA-1131447,8952160001008722579F,Matriz Saltillo
TRA-1131447,8952160001008722587F,Matriz Saltillo
TRA-1131447,8952160001008722595F,Matriz Saltillo
TRA-1131447,8952160001008722603F,Matriz Saltillo
TRA-1131447,8952160001008722611F,Matriz Saltillo
TRA-1131447,8952160001008722629F,Matriz Saltillo
TRA-1131447,8952160001008722637F,Matriz Saltillo
TRA-1131447,8952160001008722645F,Matriz Saltillo
TRA-1131447,8952160001008722652F,Matriz Saltillo
TRA-1131447,8952160001008722660F,Matriz Saltillo
TRA-1131447,8952160001008722678F,Matriz Saltillo
TRA-1131447,8952160001008722686F,Matriz Saltillo
TRA-1131447,8952160001008722694F,Matriz Saltillo
TRA-1131447,8952160001008722702F,Matriz Saltillo
TRA-1131447,8952160001008722710F,Matriz Saltillo
TRA-1131447,8952160001008722728F,Matriz Saltillo
TRA-1131447,8952160001008722736F,Matriz Saltillo
TRA-1131447,8952160001008722744F,Matriz Saltillo
TRA-1131447,8952160001008722751F,Matriz Saltillo
TRA-1131447,8952160001008722769F,Matriz Saltillo
TRA-1131447,8952160001008722793F,Matriz Saltillo
TRA-1131447,8952160001008722801F,Matriz Saltillo
TRA-1131447,8952160001008722819F,Matriz Saltillo
TRA-1131447,8952160001008722827F,Matriz Saltillo
TRA-1131447,8952160001008722835F,Matriz Saltillo
TRA-1131447,8952160001008722843F,Matriz Saltillo
TRA-1131447,8952160001008722850F,Matriz Saltillo
TRA-1131447,8952160001008722868F,Matriz Saltillo
TRA-1131447,8952160001008722876F,Matriz Saltillo
TRA-1131447,8952160001008722884F,Matriz Saltillo
TRA-1131447,8952160001008722892F,Matriz Saltillo
TRA-1131447,8952160001008722900F,Matriz Saltillo
TRA-1131447,8952160001008722918F,Matriz Saltillo
TRA-1131447,8952160001008722926F,Matriz Saltillo
TRA-1131447,8952160001008722934F,Matriz Saltillo
TRA-1131447,8952160001008722777F,Matriz Saltillo
TRA-1131447,8952160001008722785F,Matriz Saltillo
TRA-1131447,8952160001008722942F,Matriz Saltillo
TRA-1131447,8952160001008722959F,Matriz Saltillo
TRA-1131447,8952160001008722967F,Matriz Saltillo
TRA-1131447,8952160001008722975F,Matriz Saltillo
TRA-1131447,8952160001008722991F,Matriz Saltillo
TRA-1131447,8952160001008722983F,Matriz Saltillo
TRA-1131447,8952160001008722298F,Matriz Saltillo
TRA-1131447,8952160001008722280F,Matriz Saltillo
TRA-1131447,8952160001008722272F,Matriz Saltillo
TRA-1131447,8952160001008722264F,Matriz Saltillo
TRA-1131447,8952160001008722256F,Matriz Saltillo
TRA-1131447,8952160001008722231F,Matriz Saltillo
TRA-1131447,8952160001008722223F,Matriz Saltillo
TRA-1131447,8952160001008722215F,Matriz Saltillo
TRA-1131447,8952160001008722207F,Matriz Saltillo
TRA-1131447,8952160001008722199F,Matriz Saltillo
TRA-1131447,8952160001008722181F,Matriz Saltillo
TRA-1131447,8952160001008722173F,Matriz Saltillo
TRA-1131447,8952160001008722249F,Matriz Saltillo
TRA-1131447,8952160001008722165F,Matriz Saltillo
TRA-1131447,8952160001008722157F,Matriz Saltillo
TRA-1131447,8952160001008722140F,Matriz Saltillo
TRA-1131447,8952160001008722132F,Matriz Saltillo
TRA-1131447,8952160001008722124F,Matriz Saltillo
TRA-1131447,8952160001008722116F,Matriz Saltillo
TRA-1131447,8952160001008722108F,Matriz Saltillo
TRA-1131447,8952160001008722090F,Matriz Saltillo
TRA-1131447,8952160001008722082F,Matriz Saltillo
TRA-1131447,8952160001008722074F,Matriz Saltillo
TRA-1131447,8952160001008722066F,Matriz Saltillo
TRA-1131447,8952160001008722058F,Matriz Saltillo
TRA-1131447,8952160001008722041F,Matriz Saltillo
TRA-1131447,8952160001008722033F,Matriz Saltillo
TRA-1131447,8952160001008722447F,Matriz Saltillo
TRA-1131447,8952160001008722439F,Matriz Saltillo
TRA-1131447,8952160001008722421F,Matriz Saltillo
TRA-1131447,8952160001008722413F,Matriz Saltillo
TRA-1131447,8952160001008722405F,Matriz Saltillo
TRA-1131447,8952160001008722397F,Matriz Saltillo
TRA-1131447,8952160001008722389F,Matriz Saltillo
TRA-1131447,8952160001008722371F,Matriz Saltillo
TRA-1131447,8952160001008722363F,Matriz Saltillo
TRA-1131447,8952160001008722355F,Matriz Saltillo
TRA-1131447,8952160001008722348F,Matriz Saltillo
TRA-1131447,8952160001008722330F,Matriz Saltillo
TRA-1131447,8952160001008722322F,Matriz Saltillo
TRA-1131447,8952160001008722314F,Matriz Saltillo
TRA-1131447,8952160001008722306F,Matriz Saltillo
TRA-1131447,8952160001008596502F,Matriz Saltillo
TRA-1131447,8952160001008596510F,Matriz Saltillo
TRA-1131447,8952160001008596528F,Matriz Saltillo
TRA-1131447,8952160001008596536F,Matriz Saltillo
TRA-1131447,8952160001008596544F,Matriz Saltillo
TRA-1131447,8952160001008596551F,Matriz Saltillo
TRA-1131447,8952160001008596569F,Matriz Saltillo
TRA-1131447,8952160001008596577F,Matriz Saltillo
TRA-1131447,8952160001008596585F,Matriz Saltillo
TRA-1131447,8952160001008596593F,Matriz Saltillo
TRA-1131447,8952160001008722009F,Matriz Saltillo
TRA-1131447,8952160001008722017F,Matriz Saltillo
TRA-1131447,8952160001008722025F,Matriz Saltillo
TRA-1131450,8952160001008699496F,Tulancingo Centro
TRA-1131450,8952160001008699488F,Tulancingo Centro
TRA-1131450,8952160001008699470F,Tulancingo Centro
TRA-1131450,8952160001008699462F,Tulancingo Centro
TRA-1131450,8952160001008699454F,Tulancingo Centro
TRA-1131450,8952160001008699447F,Tulancingo Centro
TRA-1131450,8952160001008699439F,Tulancingo Centro
TRA-1131450,8952160001008699421F,Tulancingo Centro
TRA-1131450,8952160001008699413F,Tulancingo Centro
TRA-1131450,8952160001008699405F,Tulancingo Centro
TRA-1131450,8952160001008699397F,Tulancingo Centro
TRA-1131450,8952160001008699389F,Tulancingo Centro
TRA-1131450,8952160001008699371F,Tulancingo Centro
TRA-1131450,8952160001008699363F,Tulancingo Centro
TRA-1131450,8952160001008699355F,Tulancingo Centro
TRA-1131450,8952160001008699348F,Tulancingo Centro
TRA-1131450,8952160001008699330F,Tulancingo Centro
TRA-1131450,8952160001008699322F,Tulancingo Centro
TRA-1131450,8952160001008699041F,Tulancingo Centro
TRA-1131450,8952160001008699033F,Tulancingo Centro
TRA-1131450,8952160001008699967F,Tulancingo Centro
TRA-1131450,8952160001008699959F,Tulancingo Centro
TRA-1131450,8952160001008699942F,Tulancingo Centro
TRA-1131450,8952160001008699934F,Tulancingo Centro
TRA-1131450,8952160001008699926F,Tulancingo Centro
TRA-1131450,8952160001008699918F,Tulancingo Centro
TRA-1131450,8952160001008699900F,Tulancingo Centro
TRA-1131450,8952160001008699017F,Tulancingo Centro
TRA-1131450,8952160001008699009F,Tulancingo Centro
TRA-1131450,8952160001008699025F,Tulancingo Centro
TRA-1131450,8952160001008748798F,Tulancingo Centro
TRA-1131450,8952160001008748780F,Tulancingo Centro
TRA-1131450,8952160001008748772F,Tulancingo Centro
TRA-1131450,8952160001008748764F,Tulancingo Centro
TRA-1131450,8952160001008748756F,Tulancingo Centro
TRA-1131450,8952160001008748749F,Tulancingo Centro
TRA-1131450,8952160001008748731F,Tulancingo Centro
TRA-1131450,8952160001008748723F,Tulancingo Centro
TRA-1131450,8952160001008748715F,Tulancingo Centro
TRA-1131450,8952160001008748707F,Tulancingo Centro
TRA-1131450,8952160001008748699F,Tulancingo Centro
TRA-1131450,8952160001008748681F,Tulancingo Centro
TRA-1131450,8952160001008748673F,Tulancingo Centro
TRA-1131450,8952160001008748665F,Tulancingo Centro
TRA-1131450,8952160001008748657F,Tulancingo Centro
TRA-1131450,8952160001008748640F,Tulancingo Centro
TRA-1131450,8952160001008748632F,Tulancingo Centro
TRA-1131450,8952160001008748624F,Tulancingo Centro
TRA-1131450,8952160001008748616F,Tulancingo Centro
TRA-1131450,8952160001008748608F,Tulancingo Centro
TRA-1131450,8952160001008748491F,Tulancingo Centro
TRA-1131450,8952160001008748483F,Tulancingo Centro
TRA-1131450,8952160001008748475F,Tulancingo Centro
TRA-1131450,8952160001008748467F,Tulancingo Centro
TRA-1131450,8952160001008748459F,Tulancingo Centro
TRA-1131450,8952160001008748442F,Tulancingo Centro
TRA-1131450,8952160001008748434F,Tulancingo Centro
TRA-1131450,8952160001008748426F,Tulancingo Centro
TRA-1131450,8952160001008748418F,Tulancingo Centro
TRA-1131450,8952160001008748400F,Tulancingo Centro
TRA-1131450,8952160001008748392F,Tulancingo Centro
TRA-1131450,8952160001008748384F,Tulancingo Centro
TRA-1131450,8952160001008748376F,Tulancingo Centro
TRA-1131450,8952160001008748368F,Tulancingo Centro
TRA-1131450,8952160001008748350F,Tulancingo Centro
TRA-1131450,8952160001008748343F,Tulancingo Centro
TRA-1131450,8952160001008748335F,Tulancingo Centro
TRA-1131450,8952160001008748327F,Tulancingo Centro
TRA-1131450,8952160001008748319F,Tulancingo Centro
TRA-1131450,8952160001008748301F,Tulancingo Centro
TRA-1131450,8952160001008748293F,Tulancingo Centro
TRA-1131450,8952160001008748285F,Tulancingo Centro
TRA-1131450,8952160001008748277F,Tulancingo Centro
TRA-1131450,8952160001008748269F,Tulancingo Centro
TRA-1131450,8952160001008748251F,Tulancingo Centro
TRA-1131450,8952160001008748244F,Tulancingo Centro
TRA-1131450,8952160001008748236F,Tulancingo Centro
TRA-1131450,8952160001008748228F,Tulancingo Centro
TRA-1131450,8952160001008748210F,Tulancingo Centro
TRA-1131450,8952160001008748202F,Tulancingo Centro
TRA-1131450,8952160001008748509F,Tulancingo Centro
TRA-1131450,8952160001008748517F,Tulancingo Centro
TRA-1131450,8952160001008748525F,Tulancingo Centro
TRA-1131450,8952160001008748533F,Tulancingo Centro
TRA-1131450,8952160001008748541F,Tulancingo Centro
TRA-1131450,8952160001008748558F,Tulancingo Centro
TRA-1131450,8952160001008748566F,Tulancingo Centro
TRA-1131450,8952160001008748574F,Tulancingo Centro
TRA-1131450,8952160001008748582F,Tulancingo Centro
TRA-1131450,8952160001008748590F,Tulancingo Centro
TRA-1131450,8952160001008748004F,Tulancingo Centro
TRA-1131450,8952160001008748012F,Tulancingo Centro
TRA-1131450,8952160001008748020F,Tulancingo Centro
TRA-1131450,8952160001008748038F,Tulancingo Centro
TRA-1131450,8952160001008748046F,Tulancingo Centro
TRA-1131450,8952160001008748053F,Tulancingo Centro
TRA-1131450,8952160001008748061F,Tulancingo Centro
TRA-1131450,8952160001008748079F,Tulancingo Centro
TRA-1131450,8952160001008748087F,Tulancingo Centro
TRA-1131450,8952160001008748095F,Tulancingo Centro
TRA-1131450,8952160001008748103F,Tulancingo Centro
TRA-1131450,8952160001008748111F,Tulancingo Centro
TRA-1131450,8952160001008748129F,Tulancingo Centro
TRA-1131450,8952160001008748137F,Tulancingo Centro
TRA-1131450,8952160001008748145F,Tulancingo Centro
TRA-1131450,8952160001008748152F,Tulancingo Centro
TRA-1131450,8952160001008748160F,Tulancingo Centro
TRA-1131450,8952160001008748178F,Tulancingo Centro
TRA-1131450,8952160001008748186F,Tulancingo Centro
TRA-1131450,8952160001008748194F,Tulancingo Centro
TRA-1131450,8952160001008748996F,Tulancingo Centro
TRA-1131450,8952160001008748988F,Tulancingo Centro
TRA-1131450,8952160001008748970F,Tulancingo Centro
TRA-1131450,8952160001008748962F,Tulancingo Centro
TRA-1131450,8952160001008748954F,Tulancingo Centro
TRA-1131450,8952160001008748947F,Tulancingo Centro
TRA-1131450,8952160001008748939F,Tulancingo Centro
TRA-1131450,8952160001008748921F,Tulancingo Centro
TRA-1131450,8952160001008748913F,Tulancingo Centro
TRA-1131450,8952160001008748905F,Tulancingo Centro
TRA-1131450,8952160001008748897F,Tulancingo Centro
TRA-1131450,8952160001008748889F,Tulancingo Centro
TRA-1131450,8952160001008748871F,Tulancingo Centro
TRA-1131450,8952160001008748863F,Tulancingo Centro
TRA-1131450,8952160001008748855F,Tulancingo Centro
TRA-1131450,8952160001008748848F,Tulancingo Centro
TRA-1131450,8952160001008748830F,Tulancingo Centro
TRA-1131450,8952160001008748822F,Tulancingo Centro
TRA-1131450,8952160001008748814F,Tulancingo Centro
TRA-1131450,8952160001008748806F,Tulancingo Centro
TRA-1131451,8952160001008723486F,Cigarrera
TRA-1131451,8952160001008723155F,Cigarrera
TRA-1131451,8952160001008723163F,Cigarrera
TRA-1131451,8952160001008723171F,Cigarrera
TRA-1131451,8952160001008723189F,Cigarrera
TRA-1131451,8952160001008723197F,Cigarrera
TRA-1131451,8952160001008723205F,Cigarrera
TRA-1131451,8952160001008723213F,Cigarrera
TRA-1131451,8952160001008723221F,Cigarrera
TRA-1131451,8952160001008723239F,Cigarrera
TRA-1131451,8952160001008723247F,Cigarrera
TRA-1131451,8952160001008723254F,Cigarrera
TRA-1131451,8952160001008723262F,Cigarrera
TRA-1131451,8952160001008723270F,Cigarrera
TRA-1131451,8952160001008723288F,Cigarrera
TRA-1131451,8952160001008723759F,Cigarrera
TRA-1131451,8952160001008723767F,Cigarrera
TRA-1131451,8952160001008723775F,Cigarrera
TRA-1131451,8952160001008723783F,Cigarrera
TRA-1131451,8952160001008723791F,Cigarrera
TRA-1131451,8952160001008723809F,Cigarrera
TRA-1131451,8952160001008723502F,Cigarrera
TRA-1131451,8952160001008723510F,Cigarrera
TRA-1131451,8952160001008723528F,Cigarrera
TRA-1131451,8952160001008723536F,Cigarrera
TRA-1131451,8952160001008723544F,Cigarrera
TRA-1131451,8952160001008723551F,Cigarrera
TRA-1131451,8952160001008723569F,Cigarrera
TRA-1131451,8952160001008723577F,Cigarrera
TRA-1131451,8952160001008723585F,Cigarrera
TRA-1131451,8952160001008723593F,Cigarrera
TRA-1131451,8952160001008723601F,Cigarrera
TRA-1131451,8952160001008723619F,Cigarrera
TRA-1131451,8952160001008723627F,Cigarrera
TRA-1131451,8952160001008723635F,Cigarrera
TRA-1131451,8952160001008723643F,Cigarrera
TRA-1131451,8952160001008723650F,Cigarrera
TRA-1131451,8952160001008723817F,Cigarrera
TRA-1131451,8952160001008723825F,Cigarrera
TRA-1131451,8952160001008723833F,Cigarrera
TRA-1131451,8952160001008723841F,Cigarrera
TRA-1131451,8952160001008723858F,Cigarrera
TRA-1131451,8952160001008723866F,Cigarrera
TRA-1131451,8952160001008723874F,Cigarrera
TRA-1131451,8952160001008723882F,Cigarrera
TRA-1131451,8952160001008723890F,Cigarrera
TRA-1131451,8952160001008723908F,Cigarrera
TRA-1131451,8952160001008723916F,Cigarrera
TRA-1131451,8952160001008723924F,Cigarrera
TRA-1131451,8952160001008723932F,Cigarrera
TRA-1131451,8952160001008723940F,Cigarrera
TRA-1131451,8952160001008723957F,Cigarrera
TRA-1131451,8952160001008723965F,Cigarrera
TRA-1131451,8952160001008723973F,Cigarrera
TRA-1131451,8952160001008723981F,Cigarrera
TRA-1131451,8952160001008723999F,Cigarrera
TRA-1131451,8952160001008723007F,Cigarrera
TRA-1131451,8952160001008723296F,Cigarrera
TRA-1131451,8952160001008723015F,Cigarrera
TRA-1131451,8952160001008723023F,Cigarrera
TRA-1131451,8952160001008723031F,Cigarrera
TRA-1131451,8952160001008723049F,Cigarrera
TRA-1131451,8952160001008723056F,Cigarrera
TRA-1131451,8952160001008723064F,Cigarrera
TRA-1131451,8952160001008723072F,Cigarrera
TRA-1131451,8952160001008723080F,Cigarrera
TRA-1131451,8952160001008723098F,Cigarrera
TRA-1131451,8952160001008723106F,Cigarrera
TRA-1131451,8952160001008723114F,Cigarrera
TRA-1131451,8952160001008723122F,Cigarrera
TRA-1131451,8952160001008723130F,Cigarrera
TRA-1131451,8952160001008723148F,Cigarrera
TRA-1131451,8952160001008723304F,Cigarrera
TRA-1131451,8952160001008723312F,Cigarrera
TRA-1131451,8952160001008723320F,Cigarrera
TRA-1131451,8952160001008723338F,Cigarrera
TRA-1131451,8952160001008723346F,Cigarrera
TRA-1131451,8952160001008723353F,Cigarrera
TRA-1131451,8952160001008723361F,Cigarrera
TRA-1131451,8952160001008723379F,Cigarrera
TRA-1131451,8952160001008723387F,Cigarrera
TRA-1131451,8952160001008723395F,Cigarrera
TRA-1131451,8952160001008723403F,Cigarrera
TRA-1131451,8952160001008723411F,Cigarrera
TRA-1131451,8952160001008723429F,Cigarrera
TRA-1131451,8952160001008723437F,Cigarrera
TRA-1131451,8952160001008723445F,Cigarrera
TRA-1131451,8952160001008723452F,Cigarrera
TRA-1131451,8952160001008723460F,Cigarrera
TRA-1131451,8952160001008723478F,Cigarrera
TRA-1131451,8952160001008723494F,Cigarrera
TRA-1131451,8952160001008723668F,Cigarrera
TRA-1131451,8952160001008723676F,Cigarrera
TRA-1131451,8952160001008723684F,Cigarrera
TRA-1131451,8952160001008723692F,Cigarrera
TRA-1131451,8952160001008723700F,Cigarrera
TRA-1131451,8952160001008723718F,Cigarrera
TRA-1131451,8952160001008723726F,Cigarrera
TRA-1131451,8952160001008723734F,Cigarrera
TRA-1131451,8952160001008723742F,Cigarrera
TRA-1131453,8952160001008746966F,La Fama
TRA-1131453,8952160001008746974F,La Fama
TRA-1131453,8952160001008746982F,La Fama
TRA-1131453,8952160001008699223F,La Fama
TRA-1131453,8952160001008699231F,La Fama
TRA-1131453,8952160001008699249F,La Fama
TRA-1131453,8952160001008699256F,La Fama
TRA-1131453,8952160001008699264F,La Fama
TRA-1131453,8952160001008699272F,La Fama
TRA-1131453,8952160001008699280F,La Fama
TRA-1131453,8952160001008699298F,La Fama
TRA-1131453,8952160001008699306F,La Fama
TRA-1131453,8952160001008747394F,La Fama
TRA-1131453,8952160001008747386F,La Fama
TRA-1131453,8952160001008747378F,La Fama
TRA-1131453,8952160001008747360F,La Fama
TRA-1131453,8952160001008747352F,La Fama
TRA-1131453,8952160001008747345F,La Fama
TRA-1131453,8952160001008747337F,La Fama
TRA-1131453,8952160001008747329F,La Fama
TRA-1131453,8952160001008747311F,La Fama
TRA-1131453,8952160001008747303F,La Fama
TRA-1131453,8952160001008747295F,La Fama
TRA-1131453,8952160001008747287F,La Fama
TRA-1131453,8952160001008747279F,La Fama
TRA-1131453,8952160001008747493F,La Fama
TRA-1131453,8952160001008747097F,La Fama
TRA-1131453,8952160001008747089F,La Fama
TRA-1131453,8952160001008747071F,La Fama
TRA-1131453,8952160001008747063F,La Fama
TRA-1131453,8952160001008747055F,La Fama
TRA-1131453,8952160001008747048F,La Fama
TRA-1131453,8952160001008747030F,La Fama
TRA-1131453,8952160001008747022F,La Fama
TRA-1131453,8952160001008747014F,La Fama
TRA-1131453,8952160001008747485F,La Fama
TRA-1131453,8952160001008747477F,La Fama
TRA-1131453,8952160001008747469F,La Fama
TRA-1131453,8952160001008747758F,La Fama
TRA-1131453,8952160001008747741F,La Fama
TRA-1131453,8952160001008747733F,La Fama
TRA-1131453,8952160001008747725F,La Fama
TRA-1131453,8952160001008747717F,La Fama
TRA-1131453,8952160001008747709F,La Fama
TRA-1131453,8952160001008747691F,La Fama
TRA-1131453,8952160001008747683F,La Fama
TRA-1131453,8952160001008747675F,La Fama
TRA-1131453,8952160001008747667F,La Fama
TRA-1131453,8952160001008747006F,La Fama
TRA-1131453,8952160001008747261F,La Fama
TRA-1131453,8952160001008747253F,La Fama
TRA-1131453,8952160001008747246F,La Fama
TRA-1131453,8952160001008747238F,La Fama
TRA-1131453,8952160001008747220F,La Fama
TRA-1131453,8952160001008747212F,La Fama
TRA-1131453,8952160001008747204F,La Fama
TRA-1131453,8952160001008747196F,La Fama
TRA-1131453,8952160001008747188F,La Fama
TRA-1131453,8952160001008747170F,La Fama
TRA-1131453,8952160001008747162F,La Fama
TRA-1131453,8952160001008747154F,La Fama
TRA-1131453,8952160001008747147F,La Fama
TRA-1131453,8952160001008747139F,La Fama
TRA-1131453,8952160001008747121F,La Fama
TRA-1131453,8952160001008747113F,La Fama
TRA-1131453,8952160001008747105F,La Fama
TRA-1131453,8952160001008699215F,La Fama
TRA-1131453,8952160001008699207F,La Fama
TRA-1131453,8952160001008699199F,La Fama
TRA-1131453,8952160001008699181F,La Fama
TRA-1131453,8952160001008699173F,La Fama
TRA-1131453,8952160001008699314F,La Fama
TRA-1131453,8952160001008699058F,La Fama
TRA-1131453,8952160001008699066F,La Fama
TRA-1131453,8952160001008699082F,La Fama
TRA-1131453,8952160001008699074F,La Fama
TRA-1131453,8952160001008699090F,La Fama
TRA-1131453,8952160001008699108F,La Fama
TRA-1131453,8952160001008699116F,La Fama
TRA-1131453,8952160001008699124F,La Fama
TRA-1131453,8952160001008699132F,La Fama
TRA-1131453,8952160001008699140F,La Fama
TRA-1131453,8952160001008699157F,La Fama
TRA-1131453,8952160001008699165F,La Fama
TRA-1131453,8952160001008747659F,La Fama
TRA-1131453,8952160001008747642F,La Fama
TRA-1131453,8952160001008747634F,La Fama
TRA-1131453,8952160001008747626F,La Fama
TRA-1131453,8952160001008747618F,La Fama
TRA-1131453,8952160001008747600F,La Fama
TRA-1131453,8952160001008747592F,La Fama
TRA-1131453,8952160001008747584F,La Fama
TRA-1131453,8952160001008747576F,La Fama
TRA-1131453,8952160001008747568F,La Fama
TRA-1131453,8952160001008747550F,La Fama
TRA-1131453,8952160001008747543F,La Fama
TRA-1131453,8952160001008747535F,La Fama
TRA-1131453,8952160001008747527F,La Fama
TRA-1131453,8952160001008747519F,La Fama
TRA-1131453,8952160001008747501F,La Fama
TRA-1131453,8952160001008747402F,La Fama
TRA-1131453,8952160001008747410F,La Fama
TRA-1131453,8952160001008747428F,La Fama
TRA-1131453,8952160001008747436F,La Fama
TRA-1131453,8952160001008747444F,La Fama
TRA-1131453,8952160001008747451F,La Fama
TRA-1131453,8952160001008747766F,La Fama
TRA-1131453,8952160001008747774F,La Fama
TRA-1131453,8952160001008747782F,La Fama
TRA-1131453,8952160001008747790F,La Fama
TRA-1131453,8952160001008747808F,La Fama
TRA-1131453,8952160001008747816F,La Fama
TRA-1131453,8952160001008747824F,La Fama
TRA-1131453,8952160001008747832F,La Fama
TRA-1131453,8952160001008747840F,La Fama
TRA-1131453,8952160001008747857F,La Fama
TRA-1131453,8952160001008747865F,La Fama
TRA-1131453,8952160001008747873F,La Fama
TRA-1131453,8952160001008747881F,La Fama
TRA-1131453,8952160001008747899F,La Fama
TRA-1131453,8952160001008747907F,La Fama
TRA-1131453,8952160001008747915F,La Fama
TRA-1131453,8952160001008747923F,La Fama
TRA-1131453,8952160001008747931F,La Fama
TRA-1131453,8952160001008747949F,La Fama
TRA-1131453,8952160001008747956F,La Fama
TRA-1131453,8952160001008747964F,La Fama
TRA-1131453,8952160001008747972F,La Fama
TRA-1131453,8952160001008747980F,La Fama
TRA-1131453,8952160001008747998F,La Fama
TRA-1131456,8952160001008657213F,Altea Huinala
TRA-1131456,8952160001008657205F,Altea Huinala
TRA-1131456,8952160001008657197F,Altea Huinala
TRA-1131456,8952160001008657189F,Altea Huinala
TRA-1131456,8952160001008657171F,Altea Huinala
TRA-1131456,8952160001008657163F,Altea Huinala
TRA-1131456,8952160001008657155F,Altea Huinala
TRA-1131456,8952160001008657148F,Altea Huinala
TRA-1131456,8952160001008657130F,Altea Huinala
TRA-1131456,8952160001008657122F,Altea Huinala
TRA-1131456,8952160001008657114F,Altea Huinala
TRA-1131456,8952160001008657106F,Altea Huinala
TRA-1131456,8952160001008657098F,Altea Huinala
TRA-1131456,8952160001008657254F,Altea Huinala
TRA-1131456,8952160001008657494F,Altea Huinala
TRA-1131456,8952160001008657486F,Altea Huinala
TRA-1131456,8952160001008657478F,Altea Huinala
TRA-1131456,8952160001008657460F,Altea Huinala
TRA-1131456,8952160001008657452F,Altea Huinala
TRA-1131456,8952160001008657445F,Altea Huinala
TRA-1131456,8952160001008657437F,Altea Huinala
TRA-1131456,8952160001008657429F,Altea Huinala
TRA-1131456,8952160001008657411F,Altea Huinala
TRA-1131456,8952160001008657403F,Altea Huinala
TRA-1131456,8952160001008657395F,Altea Huinala
TRA-1131456,8952160001008657387F,Altea Huinala
TRA-1131456,8952160001008657379F,Altea Huinala
TRA-1131456,8952160001008657361F,Altea Huinala
TRA-1131456,8952160001008657353F,Altea Huinala
TRA-1131456,8952160001008657346F,Altea Huinala
TRA-1131456,8952160001008657338F,Altea Huinala
TRA-1131456,8952160001008657320F,Altea Huinala
TRA-1131456,8952160001008657312F,Altea Huinala
TRA-1131456,8952160001008657304F,Altea Huinala
TRA-1131456,8952160001008657072F,Altea Huinala
TRA-1131456,8952160001008657064F,Altea Huinala
TRA-1131456,8952160001008657056F,Altea Huinala
TRA-1131456,8952160001008656967F,Altea Huinala
TRA-1131456,8952160001008656959F,Altea Huinala
TRA-1131456,8952160001008656942F,Altea Huinala
TRA-1131456,8952160001008656934F,Altea Huinala
TRA-1131456,8952160001008656926F,Altea Huinala
TRA-1131456,8952160001008656918F,Altea Huinala
TRA-1131456,8952160001008656173F,Altea Huinala
TRA-1131456,8952160001008656165F,Altea Huinala
TRA-1131456,8952160001008656157F,Altea Huinala
TRA-1131456,8952160001008656140F,Altea Huinala
TRA-1131456,8952160001008656132F,Altea Huinala
TRA-1131456,8952160001008656124F,Altea Huinala
TRA-1131456,8952160001008656116F,Altea Huinala
TRA-1131456,8952160001008656108F,Altea Huinala
TRA-1131456,8952160001008656090F,Altea Huinala
TRA-1131456,8952160001008656900F,Altea Huinala
TRA-1131456,8952160001008656892F,Altea Huinala
TRA-1131456,8952160001008656371F,Altea Huinala
TRA-1131456,8952160001008656363F,Altea Huinala
TRA-1131456,8952160001008656355F,Altea Huinala
TRA-1131456,8952160001008656348F,Altea Huinala
TRA-1131456,8952160001008656330F,Altea Huinala
TRA-1131456,8952160001008656322F,Altea Huinala
TRA-1131456,8952160001008656314F,Altea Huinala
TRA-1131456,8952160001008656306F,Altea Huinala
TRA-1131456,8952160001008656496F,Altea Huinala
TRA-1131456,8952160001008656470F,Altea Huinala
TRA-1131456,8952160001008656462F,Altea Huinala
TRA-1131456,8952160001008656454F,Altea Huinala
TRA-1131456,8952160001008656447F,Altea Huinala
TRA-1131456,8952160001008656439F,Altea Huinala
TRA-1131456,8952160001008656421F,Altea Huinala
TRA-1131456,8952160001008656413F,Altea Huinala
TRA-1131456,8952160001008656405F,Altea Huinala
TRA-1131456,8952160001008656397F,Altea Huinala
TRA-1131456,8952160001008656389F,Altea Huinala
TRA-1131456,8952160001008656488F,Altea Huinala
TRA-1131456,8952160001008656298F,Altea Huinala
TRA-1131456,8952160001008656280F,Altea Huinala
TRA-1131456,8952160001008656272F,Altea Huinala
TRA-1131456,8952160001008656264F,Altea Huinala
TRA-1131456,8952160001008656256F,Altea Huinala
TRA-1131456,8952160001008656249F,Altea Huinala
TRA-1131456,8952160001008656231F,Altea Huinala
TRA-1131456,8952160001008656223F,Altea Huinala
TRA-1131456,8952160001008656215F,Altea Huinala
TRA-1131456,8952160001008656884F,Altea Huinala
TRA-1131456,8952160001008656876F,Altea Huinala
TRA-1131456,8952160001008656868F,Altea Huinala
TRA-1131456,8952160001008656850F,Altea Huinala
TRA-1131456,8952160001008656843F,Altea Huinala
TRA-1131456,8952160001008656835F,Altea Huinala
TRA-1131456,8952160001008656827F,Altea Huinala
TRA-1131456,8952160001008656652F,Altea Huinala
TRA-1131456,8952160001008656082F,Altea Huinala
TRA-1131456,8952160001008656074F,Altea Huinala
TRA-1131456,8952160001008656066F,Altea Huinala
TRA-1131456,8952160001008656058F,Altea Huinala
TRA-1131456,8952160001008656041F,Altea Huinala
TRA-1131456,8952160001008656033F,Altea Huinala
TRA-1131456,8952160001008656025F,Altea Huinala
TRA-1131456,8952160001008656207F,Altea Huinala
TRA-1131456,8952160001008656199F,Altea Huinala
TRA-1131456,8952160001008656181F,Altea Huinala
TRA-1131456,8952160001008656017F,Altea Huinala
TRA-1131456,8952160001008656009F,Altea Huinala
TRA-1131456,8952160001008657817F,Altea Huinala
TRA-1131456,8952160001008657809F,Altea Huinala
TRA-1131456,8952160001008657791F,Altea Huinala
TRA-1131456,8952160001008657783F,Altea Huinala
TRA-1131456,8952160001008657775F,Altea Huinala
TRA-1131456,8952160001008657221F,Altea Huinala
TRA-1131456,8952160001008657239F,Altea Huinala
TRA-1131456,8952160001008657247F,Altea Huinala
TRA-1131456,8952160001008657601F,Altea Huinala
TRA-1131456,8952160001008657908F,Altea Huinala
TRA-1131456,8952160001008657916F,Altea Huinala
TRA-1131456,8952160001008657924F,Altea Huinala
TRA-1131456,8952160001008657932F,Altea Huinala
TRA-1131456,8952160001008657940F,Altea Huinala
TRA-1131456,8952160001008657957F,Altea Huinala
TRA-1131456,8952160001008657965F,Altea Huinala
TRA-1131456,8952160001008657619F,Altea Huinala
TRA-1131456,8952160001008657627F,Altea Huinala
TRA-1131456,8952160001008657635F,Altea Huinala
TRA-1131456,8952160001008657643F,Altea Huinala
TRA-1131456,8952160001008657825F,Altea Huinala
TRA-1131456,8952160001008657833F,Altea Huinala
TRA-1131456,8952160001008657841F,Altea Huinala
TRA-1131456,8952160001008657858F,Altea Huinala
TRA-1131456,8952160001008657866F,Altea Huinala
TRA-1131456,8952160001008657874F,Altea Huinala
TRA-1131456,8952160001008657882F,Altea Huinala
TRA-1131456,8952160001008657890F,Altea Huinala
TRA-1131456,8952160001008657973F,Altea Huinala
TRA-1131456,8952160001008657981F,Altea Huinala
TRA-1131456,8952160001008657999F,Altea Huinala
TRA-1131456,8952160001008657650F,Altea Huinala
TRA-1131456,8952160001008657668F,Altea Huinala
TRA-1131456,8952160001008657676F,Altea Huinala
TRA-1131456,8952160001008657684F,Altea Huinala
TRA-1131456,8952160001008657692F,Altea Huinala
TRA-1131456,8952160001008657700F,Altea Huinala
TRA-1131456,8952160001008657718F,Altea Huinala
TRA-1131456,8952160001008657726F,Altea Huinala
TRA-1131456,8952160001008657734F,Altea Huinala
TRA-1131456,8952160001008657742F,Altea Huinala
TRA-1131456,8952160001008657759F,Altea Huinala
TRA-1131456,8952160001008657767F,Altea Huinala
TRA-1131456,8952160001008656819F,Altea Huinala
TRA-1131456,8952160001008656801F,Altea Huinala
TRA-1131456,8952160001008656793F,Altea Huinala
TRA-1131456,8952160001008656785F,Altea Huinala
TRA-1131456,8952160001008656777F,Altea Huinala
TRA-1131456,8952160001008656769F,Altea Huinala
TRA-1131456,8952160001008656751F,Altea Huinala
TRA-1131456,8952160001008656744F,Altea Huinala
TRA-1131456,8952160001008656736F,Altea Huinala
TRA-1131456,8952160001008656728F,Altea Huinala
TRA-1131456,8952160001008656710F,Altea Huinala
TRA-1131456,8952160001008656702F,Altea Huinala
TRA-1131456,8952160001008656694F,Altea Huinala
TRA-1131456,8952160001008656686F,Altea Huinala
TRA-1131456,8952160001008656678F,Altea Huinala
TRA-1131456,8952160001008656660F,Altea Huinala
TRA-1131456,8952160001008656561F,Altea Huinala
TRA-1131456,8952160001008656553F,Altea Huinala
TRA-1131456,8952160001008656546F,Altea Huinala
TRA-1131456,8952160001008656538F,Altea Huinala
TRA-1131456,8952160001008656645F,Altea Huinala
TRA-1131456,8952160001008656637F,Altea Huinala
TRA-1131456,8952160001008656629F,Altea Huinala
TRA-1131456,8952160001008656611F,Altea Huinala
TRA-1131456,8952160001008656603F,Altea Huinala
TRA-1131456,8952160001008656595F,Altea Huinala
TRA-1131456,8952160001008656587F,Altea Huinala
TRA-1131456,8952160001008656579F,Altea Huinala
TRA-1131456,8952160001008656520F,Altea Huinala
TRA-1131456,8952160001008656512F,Altea Huinala
TRA-1131456,8952160001008656504F,Altea Huinala
TRA-1131456,8952160001008656991F,Altea Huinala
TRA-1131456,8952160001008656983F,Altea Huinala
TRA-1131456,8952160001008656975F,Altea Huinala
